101,11234560,"Patty O’Furniture",abcd@gmail.com,active
102,11234561,"Paddy O’Furniture",defg@gmail.com,inactive
103,11234562,"Olive Yew",abcd@gmail.com,active
104,11234563,"Aida Bugg",defg@gmail.com,active
105,11234564,"Maureen Biologist",abcd@gmail.com,active
106,11234565,"Teri Dactyl",defg@gmail.com,inactive
107,11234566,"Peg Legge",abcd@gmail.com,inactive
108,11234567,"Allie Grater",defg@gmail.com,inactive
109,11234568,"Liz Erd",abcd@gmail.com,active
110,11234569,"A. Mused",defg@gmail.com,active
111,11234570,"Constance Noring",abcd@gmail.com,inactive
